TOWNID,TOWNCODE,COUNTYNAME,TOWNNAME,TOWNENG,COUNTYID,COUNTYCODE,ZIPCODE,CENTERLONGITUDE,CENTERLATITUDE
V02,1001402,臺東縣,成功鎮,Chenggong Township,V,10014,961,121.353798346222,23.1266371649746
V02,1001321,屏東縣,佳冬鄉,Jiadong Township,T,10013,931,120.547612438793,22.4298062414283
V02,1000913,雲林縣,麥寮鄉,Mailiao Township,P,10009,638,120.243532976097,23.7881705569395
V02,1001411,臺東縣,綠島鄉,Lvdao Township,V,10014,951,121.490195075043,22.6601753663447
V02,1001416,臺東縣,蘭嶼鄉,Lanyu Township,V,10014,952,121.550832776061,22.0461683466765
V02,1000712,彰化縣,田中鎮,Tianzhong Township,N,10007,520,120.590347064933,23.8572387152225
V02,1000717,彰化縣,社頭鄉,Shetou Township,N,10007,511,120.602166084733,23.9053641294991
V02,1001314,屏東縣,竹田鄉,Zhutian Township,T,10013,911,120.526637911855,22.5885563570521
V02,1001305,屏東縣,萬丹鄉,Wandan Township,T,10013,913,120.476618812122,22.5884954738961
V02,1000516,苗栗縣,三灣鄉,Sanwan Township,K,10005,352,120.952574506048,24.6359940537383
V02,1000411,新竹縣,峨眉鄉,Emei Township,J,10004,315,121.011080948058,24.6781119705245
V02,1000511,苗栗縣,南庄鄉,Nanzhuang Township,K,10005,353,121.017471015221,24.5660843176474
V02,6600700,臺中市,南屯區,Nantun District,B,66,408,120.617737937284,24.1416552423673
V02,6602300,臺中市,烏日區,Wuri District,B,66,414,120.629330514717,24.083927096358
V02,1002002,嘉義市,西區,W. District,I,10020,600,120.424872421661,23.4791552866909
V02,1002001,嘉義市,東區,E. District,I,10020,600,120.470624413835,23.4817033352
V02,1001001,嘉義縣,太保市,Taibao City,Q,10010,612,120.344000872028,23.4729190979605
V02,1001013,嘉義縣,中埔鄉,Zhongpu Township,Q,10010,606,120.53653123091,23.404089982357
V02,1001016,嘉義縣,番路鄉,Fanlu Township,Q,10010,602,120.607533513832,23.4276566861997
V02,1001012,嘉義縣,水上鄉,Shuishang Township,Q,10010,608,120.414735704267,23.4291128671563
V02,1000710,彰化縣,員林市,Yuanlin City,N,10007,510,120.593072976619,23.9565044764916
V02,6401000,高雄市,旗津區,Qijin District,E,64,805,120.289153925231,22.5856558338097
V02,6401100,高雄市,小港區,Xiaogang District,E,64,812,120.3592605092,22.5514020719964
V02,0900701,連江縣,南竿鄉,Nangan Township,Z,09007,209,119.931128,26.154321
V02,0900702,連江縣,北竿鄉,Beigan Township,Z,09007,210,119.994251,26.225637
V02,0900703,連江縣,莒光鄉,Juguang Township,Z,09007,211,119.938877,25.972980
V02,0900704,連江縣,東引鄉,Dongyin Township,Z,09007,212,120.490300,26.366101
V02,0902001,金門縣,金城鎮,Jincheng Township,W,09020,893,118.30128,24.38402
V02,0902002,金門縣,金沙鎮,Jinsha Township,W,09020,890,118.40841,24.45865
V02,0902003,金門縣,金湖鎮,Jinhu Township,W,09020,891,118.40373,24.41496
V02,0902004,金門縣,金寧鄉,Jinning Township,W,09020,892,118.31705,24.42482
V02,0902006,金門縣,烏坵鄉,Wuchiou Township,W,09020,896,119.452738,24.992338
V02,1000201,宜蘭縣,宜蘭市,Yilan City,G,10002,260,121.756935805332,24.7502118444599
V02,1000202,宜蘭縣,羅東鎮,Luodong Township,G,10002,265,121.770178155447,24.6788482384756
V02,1000205,宜蘭縣,礁溪鄉,Jiaoxi Township,G,10002,262,121.734660623872,24.8114419219754
V02,1000207,宜蘭縣,員山鄉,Yuanshan Township,G,10002,264,121.66122815434,24.7419923685441
V02,1000208,宜蘭縣,冬山鄉,Dongshan Township,G,10002,269,121.760255019492,24.6421498627515
V02,1000210,宜蘭縣,三星鄉,Sanxing Township,G,10002,266,121.664271376005,24.6677197201747
V02,1000211,宜蘭縣,大同鄉,Datong Township,G,10002,267,121.504036886227,24.5515208245214
V02,1000402,新竹縣,竹東鎮,Zhudong Township,J,10004,310,121.075363179286,24.730758019945
V02,1000403,新竹縣,新埔鎮,Xinpu Township,J,10004,305,121.093988632325,24.8413395914981
V02,1000404,新竹縣,關西鎮,Guanxi Township,J,10004,306,121.186622052466,24.7851468126823
V02,1000405,新竹縣,湖口鄉,Hukou Township,J,10004,303,121.051724189235,24.8856634127856
V02,1000407,新竹縣,芎林鄉,Qionglin Township,J,10004,307,121.104639369721,24.7657115976639
V02,1000408,新竹縣,橫山鄉,Hengshan Township,J,10004,312,121.146973206254,24.707809200568
V02,1000409,新竹縣,北埔鄉,Beipu Township,J,10004,314,121.064274465753,24.6720740548747
V02,1000410,新竹縣,寶山鄉,Baoshan Township,J,10004,308,120.999160492599,24.7369735135917
V02,1000412,新竹縣,尖石鄉,Jianshi Township,J,10004,313,121.281934125331,24.5949323497203
V02,1000413,新竹縣,五峰鄉,Wufeng Township,J,10004,311,121.138949471172,24.5780540035423
V02,1000501,苗栗縣,苗栗市,Miaoli City,K,10005,360,120.811229945966,24.5638214096281
V02,1000507,苗栗縣,卓蘭鎮,Zhuolan Township,K,10005,369,120.856196561615,24.3251016732567
V02,1000508,苗栗縣,大湖鄉,Dahu Township,K,10005,364,120.863119246148,24.3935964062514
V02,1000509,苗栗縣,公館鄉,Gongguan Township,K,10005,363,120.850590401167,24.5024968580135
V02,1000510,苗栗縣,銅鑼鄉,Tongluo Township,K,10005,366,120.799204284953,24.4559183249445
V02,1000512,苗栗縣,頭屋鄉,Touwu Township,K,10005,362,120.882663130693,24.573454971167
V02,1000513,苗栗縣,三義鄉,Sanyi Township,K,10005,367,120.770192912665,24.3808165943606
V02,1000514,苗栗縣,西湖鄉,Xihu Township,K,10005,368,120.761414373282,24.5415321750682
V02,1000515,苗栗縣,造橋鄉,Zaoqiao Township,K,10005,361,120.869566263697,24.6248131374
V02,1000517,苗栗縣,獅潭鄉,Shitan Township,K,10005,354,120.920668780923,24.5197861413227
V02,1000518,苗栗縣,泰安鄉,Taian Township,K,10005,365,121.068157108615,24.4192581913066
V02,1000701,彰化縣,彰化市,Zhanghua City,N,10007,500,120.569420766195,24.0753290944792
V02,1000703,彰化縣,和美鎮,Hemei Township,N,10007,508,120.511204456277,24.113795345196
V02,1000704,彰化縣,線西鄉,Xianxi Township,N,10007,507,120.452156967481,24.1315812720064
V02,1000705,彰化縣,伸港鄉,Shengang Township,N,10007,509,120.486449029136,24.1636710714172
V02,1000707,彰化縣,秀水鄉,Xiushui Township,N,10007,504,120.504118410652,24.0324940515618
V02,1000708,彰化縣,花壇鄉,Huatan Township,N,10007,503,120.55976548207,24.0300687486711
V02,1000709,彰化縣,芬園鄉,Fenyuan Township,N,10007,502,120.629441417597,24.0062879390655
V02,1000711,彰化縣,溪湖鎮,Xihu Township,N,10007,514,120.483173852792,23.9517145556487
V02,1001009,嘉義縣,東石鄉,Dongshi Township,Q,10010,614,120.173868156004,23.4686605856037
V02,1000713,彰化縣,大村鄉,Dacun Township,N,10007,515,120.558686614474,23.9920920598419
V02,1000714,彰化縣,埔鹽鄉,Puyan Township,N,10007,516,120.459462625743,23.9920441661471
V02,1000715,彰化縣,埔心鄉,Puxin Township,N,10007,513,120.534280216121,23.952775207235
V02,1000716,彰化縣,永靖鄉,Yongjing Township,N,10007,512,120.541603236394,23.921395065095
V02,1000718,彰化縣,二水鄉,Ershui Township,N,10007,530,120.628588970137,23.8092401970986
V02,1000719,彰化縣,北斗鎮,Beidou Township,N,10007,521,120.533156647492,23.8675739950271
V02,1000720,彰化縣,二林鎮,Erlin Township,N,10007,526,120.404224950777,23.9162140539415
V02,1000721,彰化縣,田尾鄉,Tianwei Township,N,10007,522,120.522324422793,23.9005606450856
V02,1000722,彰化縣,埤頭鄉,Bitou Township,N,10007,523,120.467564167138,23.8823411789547
V02,1000723,彰化縣,芳苑鄉,Fangyuan Township,N,10007,528,120.353922574307,23.9537906045352
V02,1000724,彰化縣,大城鄉,Dacheng Township,N,10007,527,120.311328415613,23.8506927614317
V02,1000725,彰化縣,竹塘鄉,Zhutang Township,N,10007,525,120.413664471931,23.8505872029391
V02,1000726,彰化縣,溪州鄉,Xizhou Township,N,10007,524,120.522490423378,23.8272518484685
V02,1000801,南投縣,南投市,Nantou City,M,10008,540,120.67876576366,23.9217353681577
V02,1000802,南投縣,埔里鎮,Puli Township,M,10008,545,120.962525868408,23.9789259092724
V02,1000803,南投縣,草屯鎮,Caotun Township,M,10008,542,120.73261821183,23.983210813786
V02,1000804,南投縣,竹山鎮,Zhushan Township,M,10008,557,120.710079654907,23.6980551826549
V02,1000805,南投縣,集集鎮,Jiji Township,M,10008,552,120.785419156725,23.8370168692079
V02,1000806,南投縣,名間鄉,Mingjian Township,M,10008,551,120.677440234579,23.8510770978318
V02,1000807,南投縣,鹿谷鄉,Lugu Township,M,10008,558,120.781506517377,23.7377602852249
V02,1000808,南投縣,中寮鄉,Zhongliao Township,M,10008,541,120.78591587985,23.9058921406606
V02,1000809,南投縣,魚池鄉,Yuchi Township,M,10008,555,120.925673579295,23.8760121252657
V02,1000810,南投縣,國姓鄉,Guoxing Township,M,10008,544,120.86760521641,24.0313541253917
V02,1000811,南投縣,水里鄉,Shuili Township,M,10008,553,120.862272140518,23.7961290718765
V02,1000812,南投縣,信義鄉,Xinyi Township,M,10008,556,121.02128672117,23.6554647049546
V02,1000813,南投縣,仁愛鄉,Renai Township,M,10008,546,121.14438785385,24.0288651252177
V02,1000901,雲林縣,斗六市,Douliu City,P,10009,640,120.560004419108,23.7065188310031
V02,1000902,雲林縣,斗南鎮,Dounan Township,P,10009,630,120.482635621029,23.6706639290201
V02,1000903,雲林縣,虎尾鎮,Huwei Township,P,10009,632,120.429306057465,23.7166154456763
V02,1000904,雲林縣,西螺鎮,Xiluo Township,P,10009,648,120.458079459578,23.7794210921125
V02,1000905,雲林縣,土庫鎮,Tuku Township,P,10009,633,120.364725191743,23.6911066459257
V02,1000906,雲林縣,北港鎮,Beigang Township,P,10009,651,120.294016407618,23.5921952772642
V02,1000907,雲林縣,古坑鄉,Gukeng Township,P,10009,646,120.611735115935,23.6254546924369
V02,1000908,雲林縣,大埤鄉,Dabi Township,P,10009,631,120.425559187049,23.645597099931
V02,1000909,雲林縣,莿桐鄉,Citong Township,P,10009,647,120.529041925221,23.7697389436275
V02,1000910,雲林縣,林內鄉,Linnei Township,P,10009,643,120.615501765773,23.7557208980058
V02,1000911,雲林縣,二崙鄉,Erlun Township,P,10009,649,120.396459833782,23.7925520993191
V02,1000912,雲林縣,崙背鄉,Lunbei Township,P,10009,637,120.333976862616,23.7784979069954
V02,1000914,雲林縣,東勢鄉,Dongshi Township,P,10009,635,120.256417300515,23.696123235018
V02,1000915,雲林縣,褒忠鄉,Baozhong Township,P,10009,634,120.311612196671,23.7161320363789
V02,1000917,雲林縣,元長鄉,Yuanchang Township,P,10009,655,120.327961711378,23.642430952908
V02,1000920,雲林縣,水林鄉,Shuilin Township,P,10009,652,120.235273439821,23.5616284883609
V02,1001002,嘉義縣,朴子市,Puzi City,Q,10010,613,120.253897688325,23.4461060514393
V02,1001004,嘉義縣,大林鎮,Dalin Township,Q,10010,622,120.480786485607,23.5989082682624
V02,1001005,嘉義縣,民雄鄉,Minxueng Township,Q,10010,621,120.444279772169,23.5425534743946
V02,1001006,嘉義縣,溪口鄉,Xikou Township,Q,10010,623,120.401028180307,23.5935308916869
V02,1001007,嘉義縣,新港鄉,Xingang Township,Q,10010,616,120.348287276565,23.545812952426
V02,1001008,嘉義縣,六腳鄉,Liujiao Township,Q,10010,615,120.271472773863,23.5102098404333
V02,1001010,嘉義縣,義竹鄉,Yizhu Township,Q,10010,624,120.223943326997,23.3457587153838
V02,1001011,嘉義縣,鹿草鄉,Lucao Township,Q,10010,611,120.304546824245,23.4081173628163
V02,1001014,嘉義縣,竹崎鄉,Zhuqi Township,Q,10010,604,120.596577113276,23.5037652669329
V02,1001015,嘉義縣,梅山鄉,Meishan Township,Q,10010,603,120.638745882452,23.5553546530787
V02,1001017,嘉義縣,大埔鄉,Dapu Township,Q,10010,607,120.589646615371,23.2884842647336
V02,1001018,嘉義縣,阿里山鄉,Alishan Township,Q,10010,605,120.759617274033,23.4407761879842
V02,1001301,屏東縣,屏東市,Pingtung City,T,10013,900,120.479994764564,22.6647375034444
V02,1001302,屏東縣,潮州鎮,Chaozhou Township,T,10013,920,120.556806291446,22.5364294668361
V02,1001306,屏東縣,長治鄉,Changzhi Township,T,10013,908,120.555978962203,22.6945495233278
V02,1001307,屏東縣,麟洛鄉,Linluo Township,T,10013,909,120.529969258233,22.6487636691805
V02,1001308,屏東縣,九如鄉,Jiuru Township,T,10013,904,120.484504377321,22.7316676992585
V02,1001309,屏東縣,里港鄉,Ligang Township,T,10013,905,120.506127627519,22.7985483087681
V02,1001310,屏東縣,鹽埔鄉,Yanpu Township,T,10013,907,120.569394116461,22.742536362597
V02,1001311,屏東縣,高樹鄉,Gaoshu Township,T,10013,906,120.601767764675,22.8099202203347
V02,1001312,屏東縣,萬巒鄉,Wanluan Township,T,10013,923,120.60181697562,22.5823345932963
V02,1001313,屏東縣,內埔鄉,Neipu Township,T,10013,912,120.588822173895,22.6511693345246
V02,1001315,屏東縣,新埤鄉,Xinbi Township,T,10013,925,120.584625715071,22.4867627902348
V02,1001318,屏東縣,崁頂鄉,Kanding Township,T,10013,924,120.500659796115,22.5152815070771
V02,1001320,屏東縣,南州鄉,Nanzhou Township,T,10013,926,120.518056053419,22.4798070437891
V02,1001322,屏東縣,琉球鄉,Liuqiu Township,T,10013,929,120.371046646422,22.3400027796402
V02,1001326,屏東縣,三地門鄉,Sandimen Township,T,10013,901,120.686521892411,22.7978684726758
V02,1001327,屏東縣,霧臺鄉,Wutai Township,T,10013,902,120.800809902664,22.7599047802993
V02,1001328,屏東縣,瑪家鄉,Majia Township,T,10013,903,120.679923854647,22.6710776446925
V02,1001329,屏東縣,泰武鄉,Taiwu Township,T,10013,921,120.691792921859,22.6040847696481
V02,1001330,屏東縣,來義鄉,Laiyi Township,T,10013,922,120.68572319785,22.501572058845
V02,1001331,屏東縣,春日鄉,Chunri Township,T,10013,942,120.697579915321,22.4039975412871
V02,1001332,屏東縣,獅子鄉,Shizi Township,T,10013,943,120.735645413718,22.2608492101756
V02,1001403,臺東縣,關山鎮,Guanshan Township,V,10014,956,121.176619731011,23.037806841788
V02,1001405,臺東縣,鹿野鄉,Luye Township,V,10014,955,121.156037555936,22.9512566567191
V02,1001406,臺東縣,池上鄉,Chishang Township,V,10014,958,121.218450133956,23.0924871392717
V02,1001412,臺東縣,海端鄉,Haiduan Township,V,10014,957,121.017567189434,23.114785283898
V02,1001413,臺東縣,延平鄉,Yanping Township,V,10014,953,120.983190198409,22.9034317363919
V02,1001502,花蓮縣,鳳林鎮,Fenglin Township,U,10015,975,121.469884821481,23.7432446161041
V02,1001503,花蓮縣,玉里鎮,Yuli Township,U,10015,981,121.360447619116,23.3714358805698
V02,1001507,花蓮縣,光復鄉,Guangfu Township,U,10015,976,121.435123102437,23.6465874248504
V02,1001509,花蓮縣,瑞穗鄉,Ruisui Township,U,10015,978,121.407347174264,23.5156124032443
V02,1001510,花蓮縣,富里鄉,Fuli Township,U,10015,983,121.298049435164,23.1967209199893
V02,1001512,花蓮縣,萬榮鄉,Wanrong Township,U,10015,979,121.318953140765,23.7277262858466
V02,1001513,花蓮縣,卓溪鄉,Zhuoxi Township,U,10015,982,121.180422225847,23.390628749495
V02,1001601,澎湖縣,馬公市,Magong City,X,10016,880,119.59234,23.55534
V02,1001602,澎湖縣,湖西鄉,Huxi Township,X,10016,885,119.64462,23.57364
V02,1001603,澎湖縣,白沙鄉,Baisha Township,X,10016,884,119.59251,23.64178
V02,1001604,澎湖縣,西嶼鄉,Xiyu Township,X,10016,881,119.50783,23.59975
V02,1001605,澎湖縣,望安鄉,Wangan Township,X,10016,882,119.50406,23.36904
V02,1001606,澎湖縣,七美鄉,Qimei Township,X,10016,883,119.43393,23.20108
V02,1001702,基隆市,七堵區,Qidu District,C,10017,206,121.683628045816,25.1096202797313
V02,1001703,基隆市,暖暖區,Nuannuan District,C,10017,205,121.744734395129,25.080970026859
V02,1001704,基隆市,仁愛區,Renai District,C,10017,200,121.743420489185,25.1194542071689
V02,1001707,基隆市,信義區,Xinyi District,C,10017,201,121.772646023224,25.1257657937986
V02,1001801,新竹市,東區,E. District,O,10018,300,120.992750477701,24.7902817358819
V02,6300100,臺北市,松山區,Songshan District,A,63,105,121.557587582092,25.059991008007
V02,6300200,臺北市,信義區,Xinyi District,A,63,110,121.571669734545,25.0306208286138
V02,6300300,臺北市,大安區,Daan District,A,63,106,121.543444557916,25.0267701191431
V02,6300400,臺北市,中山區,Zhongshan District,A,63,104,121.538159729839,25.0696991721485
V02,6300500,臺北市,中正區,Zhongzheng District,A,63,100,121.519883944258,25.0324048718494
V02,6300600,臺北市,大同區,Datong District,A,63,103,121.513041719576,25.0634243257872
V02,6300700,臺北市,萬華區,Wanhua District,A,63,108,121.497985838523,25.028589903457
V02,6300800,臺北市,文山區,Wenshan District,A,63,116,121.573608239798,24.9885793372573
V02,6300900,臺北市,南港區,Nangang District,A,63,115,121.609757289042,25.036009337784
V02,6301000,臺北市,內湖區,Neihu District,A,63,114,121.592382757564,25.0837062341818
V02,6301100,臺北市,士林區,Shilin District,A,63,111,121.550847282213,25.125467041916
V02,6301200,臺北市,北投區,Beitou District,A,63,112,121.517799209511,25.1480681955048
V02,6400100,高雄市,鹽埕區,Yancheng District,E,64,803,120.284233076636,22.6242458503703
V02,6400500,高雄市,三民區,Sanmin District,E,64,807,120.317918682698,22.6498988317354
V02,6400600,高雄市,新興區,Xinxing District,E,64,800,120.306733670173,22.6299290634406
V02,6400700,高雄市,前金區,Qianjin District,E,64,801,120.294421686211,22.6269905044763
V02,6400800,高雄市,苓雅區,Lingya District,E,64,802,120.320910300571,22.6235944826374
V02,6400900,高雄市,前鎮區,Qianzhen District,E,64,806,120.314674922638,22.5926972384226
V02,1001414,臺東縣,金峰鄉,Jinfeng Township,V,10014,964,120.857038374302,22.5816168703848
V02,1000203,宜蘭縣,蘇澳鎮,Suao Township,G,10002,270,121.834689164789,24.5546705809891
V02,1000204,宜蘭縣,頭城鎮,Toucheng Township,G,10002,261,121.845796985231,24.900758816467
V02,1000206,宜蘭縣,壯圍鄉,Zhuangwei Township,G,10002,263,121.80176215182,24.7518304191833
V02,1000209,宜蘭縣,五結鄉,Wujie Township,G,10002,268,121.805834231939,24.6888734321393
V02,1000212,宜蘭縣,南澳鄉,Nanao Township,G,10002,272,121.656059270947,24.4486405806262
V02,1000401,新竹縣,竹北市,Zhubei City,J,10004,302,120.994870383266,24.8381620909547
V02,1000406,新竹縣,新豐鄉,Xinfeng Township,J,10004,304,120.995603311605,24.9073129792531
V02,1000502,苗栗縣,苑裡鎮,Yuanli Township,K,10005,358,120.688219477607,24.4110232010421
V02,1000503,苗栗縣,通霄鎮,Tongxiao Township,K,10005,357,120.714637806385,24.4850464016003
V02,1000504,苗栗縣,竹南鎮,Zhunan Township,K,10005,350,120.877731617015,24.6986245914272
V02,1000506,苗栗縣,後龍鎮,Houlong Township,K,10005,356,120.781204959433,24.615626497368
V02,1000702,彰化縣,鹿港鎮,Lugang Township,N,10007,505,120.438549145638,24.0828668530306
V02,1000706,彰化縣,福興鄉,Fuxing Township,N,10007,506,120.431051125928,24.0302167372647
V02,1000916,雲林縣,臺西鄉,Taixi Township,P,10009,636,120.205495170333,23.7160081472386
V02,1000918,雲林縣,四湖鄉,Sihu Township,P,10009,654,120.206469855826,23.6420687510709
V02,1000919,雲林縣,口湖鄉,Kouhu Township,P,10009,653,120.141371081829,23.5536539524878
V02,1001003,嘉義縣,布袋鎮,Budai Township,Q,10010,625,120.177749836778,23.3749427619174
V02,1001303,屏東縣,東港鎮,Donggang Township,T,10013,928,120.475133319451,22.4626563483082
V02,1001304,屏東縣,恆春鎮,Hengchun Township,T,10013,946,120.763253739704,21.985316449336
V02,1001316,屏東縣,枋寮鄉,Fangliao Township,T,10013,940,120.597584490558,22.4033419898697
V02,1001317,屏東縣,新園鄉,Xinyuan Township,T,10013,932,120.45014290312,22.5171903028888
V02,1001319,屏東縣,林邊鄉,Linbian Township,T,10013,927,120.512509529876,22.4414210084398
V02,1001323,屏東縣,車城鄉,Checheng Township,T,10013,944,120.743263325356,22.0791561668301
V02,1001324,屏東縣,滿州鄉,Manzhou Township,T,10013,947,120.843567544037,22.0493001515237
V02,1001325,屏東縣,枋山鄉,Fangshan Township,T,10013,941,120.656767254293,22.2708696227031
V02,1001333,屏東縣,牡丹鄉,Mudan Township,T,10013,945,120.81736091095,22.1555285928887
V02,1001401,臺東縣,臺東市,Taitung City,V,10014,950,121.110364702106,22.7516572069028
V02,1001404,臺東縣,卑南鄉,Beinan Township,V,10014,954,121.001552093901,22.7649445331996
V02,1001407,臺東縣,東河鄉,Donghe Township,V,10014,959,121.25179171048,22.9800692079403
V02,1001408,臺東縣,長濱鄉,Changbin Township,V,10014,962,121.426172507191,23.3347689869382
V02,1001409,臺東縣,太麻里鄉,Taimali Township,V,10014,963,120.979764285595,22.5909808236961
V02,1001410,臺東縣,大武鄉,Dawu Township,V,10014,965,120.899170294226,22.3835952164311
V02,1001415,臺東縣,達仁鄉,Daren Township,V,10014,966,120.83552390532,22.3843071844003
V02,1001501,花蓮縣,花蓮市,Hualien City,U,10015,970,121.60714629181,23.9970027129226
V02,1001504,花蓮縣,新城鄉,Xincheng Township,U,10015,971,121.613796859261,24.0557995168346
V02,1001505,花蓮縣,吉安鄉,Jian Township,U,10015,973,121.564673782822,23.9554658506306
V02,1001506,花蓮縣,壽豐鄉,Shoufeng Township,U,10015,974,121.534156936626,23.8445971434232
V02,1001508,花蓮縣,豐濱鄉,Fengbin Township,U,10015,977,121.494233109565,23.5851942829731
V02,1001511,花蓮縣,秀林鄉,Xiulin Township,U,10015,972,121.480719358621,24.1237441416909
V02,1001701,基隆市,中正區,Zhongzheng District,C,10017,202,121.778354947183,25.143657542779
V02,1001705,基隆市,中山區,Zhongshan District,C,10017,203,121.730891300462,25.149863648885
V02,1001706,基隆市,安樂區,Anle District,C,10017,204,121.7078324693,25.1413952114178
V02,1001802,新竹市,北區,N. District,O,10018,300,120.949123325272,24.8226954230724
V02,1001803,新竹市,香山區,Xiangshan District,O,10018,300,120.923672683008,24.7710434208799
V02,6400200,高雄市,鼓山區,Gushan District,E,64,804,120.274162964397,22.6501952477804
V02,6400300,高雄市,左營區,Zuoying District,E,64,813,120.295158790014,22.6839569891481
V02,6400400,高雄市,楠梓區,Nanzi District,E,64,811,120.300758000851,22.7210996083569
V02,6401200,高雄市,鳳山區,Fengshan District,E,64,830,120.355435944182,22.6137925123649
V02,6401400,高雄市,大寮區,Daliao District,E,64,831,120.411146849383,22.5928357602589
V02,6401500,高雄市,大樹區,Dashu District,E,64,840,120.425406998434,22.7110036382346
V02,6401600,高雄市,大社區,Dashe District,E,64,815,120.370799449688,22.7398347919382
V02,6401700,高雄市,仁武區,Renwu District,E,64,814,120.360526476866,22.7012078217713
V02,6401800,高雄市,鳥松區,Niaosong District,E,64,833,120.372778292714,22.662493019943
V02,6401900,高雄市,岡山區,Gangshan District,E,64,820,120.297890577073,22.8050588606574
V02,6402000,高雄市,橋頭區,Qiaotou District,E,64,825,120.300653359039,22.7525239829813
V02,6402100,高雄市,燕巢區,Yanchao District,E,64,824,120.370798996283,22.7876962588808
V02,6402200,高雄市,田寮區,Tianliao District,E,64,823,120.395984200793,22.8639430694713
V02,6402300,高雄市,阿蓮區,Alian District,E,64,822,120.321096718905,22.8702288280108
V02,6402400,高雄市,路竹區,Luzhu District,E,64,821,120.265987100771,22.857241706688
V02,6402500,高雄市,湖內區,Hunei District,E,64,829,120.225937466568,22.893249515363
V02,6403000,高雄市,旗山區,Qishan District,E,64,842,120.475455387331,22.864970327885
V02,6403100,高雄市,美濃區,Meinong District,E,64,843,120.563463535279,22.9000552858394
V02,6403200,高雄市,六龜區,Liugui District,E,64,844,120.658563496478,23.0119542625382
V02,6403300,高雄市,甲仙區,Jiaxian District,E,64,847,120.623289495951,23.1165499512901
V02,6403400,高雄市,杉林區,Shanlin District,E,64,846,120.562197068239,22.996946809287
V02,6403500,高雄市,內門區,Neimen District,E,64,845,120.471927200989,22.9566881728739
V02,6403600,高雄市,茂林區,Maolin District,E,64,851,120.752383965915,22.9199325648612
V02,6403700,高雄市,桃源區,Taoyuan District,E,64,848,120.852338279876,23.2249459030151
V02,6403800,高雄市,那瑪夏區,Namaxia District,E,64,849,120.741944,23.275008
V02,6500100,新北市,板橋區,Banqiao District,F,65,220,121.457967514949,25.0118645337613
V02,6500200,新北市,三重區,Sanzhong District,F,65,241,121.487097740965,25.0628165133006
V02,6500300,新北市,中和區,Zhonghe District,F,65,235,121.493674375458,24.9908803864723
V02,6500400,新北市,永和區,Yonghe District,F,65,234,121.516744959728,25.0081019942885
V02,6500500,新北市,新莊區,Xinzhuang District,F,65,242,121.436753474611,25.0358302958326
V02,6500600,新北市,新店區,Xindian District,F,65,231,121.531656512958,24.9303900802627
V02,6500700,新北市,樹林區,Shulin District,F,65,238,121.401034016738,24.9797060913808
V02,6500800,新北市,鶯歌區,Yingge District,F,65,239,121.346626895661,24.9566258035001
V02,6500900,新北市,三峽區,Sanxia District,F,65,237,121.416309361506,24.8820976616482
V02,6501100,新北市,汐止區,Xizhi District,F,65,221,121.654699151196,25.0733132153259
V02,6501300,新北市,土城區,Tucheng District,F,65,236,121.445736963877,24.9642510187766
V02,6501400,新北市,蘆洲區,Luzhou District,F,65,247,121.471246078453,25.0892717336029
V02,6501500,新北市,五股區,Wugu District,F,65,248,121.433213853806,25.0961474626239
V02,6501600,新北市,泰山區,Taishan District,F,65,243,121.416278494902,25.0554977434058
V02,6501800,新北市,深坑區,Shenkeng District,F,65,222,121.620062396071,24.9976750572865
V02,6501900,新北市,石碇區,Shiding District,F,65,223,121.647227691335,24.947141072615
V02,6502000,新北市,坪林區,Pinglin District,F,65,232,121.724223031645,24.9109707337004
V02,6502400,新北市,平溪區,Pingxi District,F,65,226,121.757881661175,25.0260706835976
V02,6502500,新北市,雙溪區,Shuangxi District,F,65,227,121.832982249544,24.9969839354837
V02,6502900,新北市,烏來區,Wulai District,F,65,233,121.541480607189,24.7882429504504
V02,6600100,臺中市,中區,Zhong District,B,66,400,120.680597955965,24.1416856565085
V02,6600200,臺中市,東區,E. District,B,66,401,120.697086545457,24.137332091457
V02,6600300,臺中市,南區,Nan District,B,66,402,120.664617783895,24.121141073247
V02,6600400,臺中市,西區,W. District,B,66,403,120.66475789591,24.1439108164717
V02,6600500,臺中市,北區,N. District,B,66,404,120.680952051393,24.1586398469065
V02,6600600,臺中市,西屯區,Xitun District,B,66,407,120.627013103936,24.183088949355
V02,6600800,臺中市,北屯區,Beitun District,B,66,406,120.736231935829,24.1840029753319
V02,6600900,臺中市,豐原區,Fengyuan District,B,66,420,120.737571509732,24.2499029780456
V02,6601000,臺中市,東勢區,Dongshi District,B,66,423,120.840140084705,24.2495263743237
V02,6601300,臺中市,沙鹿區,Shalu District,B,66,433,120.583862800102,24.2342521208272
V02,6601500,臺中市,后里區,Houli District,B,66,421,120.714612711165,24.3096248312458
V02,6601600,臺中市,神岡區,Shengang District,B,66,429,120.673332072455,24.2656800824782
V02,6601700,臺中市,潭子區,Tanzi District,B,66,427,120.710997030495,24.2117112129479
V02,6601800,臺中市,大雅區,Daya District,B,66,428,120.641181808449,24.2270418054231
V02,6601900,臺中市,新社區,Xinshe District,B,66,426,120.831322824897,24.1776928886914
V02,6602000,臺中市,石岡區,Shigang District,B,66,422,120.790382211404,24.2649329928369
V02,6602100,臺中市,外埔區,Waipu District,B,66,438,120.665063905792,24.3355107110373
V02,6602400,臺中市,大肚區,Dadu District,B,66,432,120.554324318972,24.1446750443905
V02,6602600,臺中市,霧峰區,Wufeng District,B,66,413,120.720198946627,24.0433278531667
V02,6602700,臺中市,太平區,Taiping District,B,66,411,120.773421651981,24.1147737500824
V02,6602800,臺中市,大里區,Dali District,B,66,412,120.692626052507,24.0957574180508
V02,6602900,臺中市,和平區,Heping District,B,66,424,121.14018498125,24.2762027704255
V02,6700100,臺南市,新營區,Xinying District,D,67,730,120.295406652298,23.3015248791418
V02,6700200,臺南市,鹽水區,Yanshui District,D,67,737,120.24829774892,23.2979862155684
V02,6700300,臺南市,白河區,Baihe District,D,67,732,120.457856483834,23.3513206776777
V02,6700400,臺南市,柳營區,Liuying District,D,67,736,120.354920451161,23.2688700075896
V02,6700500,臺南市,後壁區,Houbi District,D,67,731,120.348508095152,23.3620147798074
V02,6700600,臺南市,東山區,Dongshan District,D,67,733,120.44412105935,23.2783186961336
V02,6700700,臺南市,麻豆區,Madou District,D,67,721,120.24130798559,23.1824803308858
V02,6700800,臺南市,下營區,Xiaying District,D,67,735,120.264840039778,23.2310397813217
V02,6700900,臺南市,六甲區,Liujia District,D,67,734,120.38002590699,23.227267200863
V02,6701000,臺南市,官田區,Guantian District,D,67,720,120.347991836792,23.1909854778619
V02,6701100,臺南市,大內區,Danei District,D,67,742,120.39881466497,23.1448215187598
V02,6701200,臺南市,佳里區,Jiali District,D,67,722,120.178592982589,23.1669941039885
V02,6701300,臺南市,學甲區,Xuejia District,D,67,726,120.184186456857,23.2521980511024
V02,6701400,臺南市,西港區,Xigang District,D,67,723,120.200230946655,23.1249189309139
V02,6701800,臺南市,新化區,Xinhua District,D,67,712,120.335796415269,23.0339454495952
V02,6701900,臺南市,善化區,Shanhua District,D,67,741,120.298827360654,23.1403107171919
V02,6702000,臺南市,新市區,Xinshi District,D,67,744,120.292394080817,23.0831949587749
V02,6702100,臺南市,安定區,Anding District,D,67,745,120.229623491329,23.0997492735956
V02,6702200,臺南市,山上區,Shanshang District,D,67,743,120.370976970087,23.096893290042
V02,6702300,臺南市,玉井區,Yujing District,D,67,714,120.460962233931,23.1148092578141
V02,6702400,臺南市,楠西區,Nanxi District,D,67,715,120.517030447799,23.1788585441513
V02,6702500,臺南市,南化區,Nanhua District,D,67,716,120.544122314181,23.1151111011028
V02,6702600,臺南市,左鎮區,Zuozhen District,D,67,713,120.412391670282,23.0260461084659
V02,6702700,臺南市,仁德區,Rende District,D,67,717,120.241878803323,22.941309314323
V02,6702800,臺南市,歸仁區,Guiren District,D,67,711,120.29306266771,22.9467946886862
V02,6702900,臺南市,關廟區,Guanmiao District,D,67,718,120.334282113511,22.955779089996
V02,6703000,臺南市,龍崎區,Longqi District,D,67,719,120.386937345103,22.9548227608147
V02,6703100,臺南市,永康區,Yongkang District,D,67,710,120.254279463857,23.0272953208971
V02,6703200,臺南市,東區,E. District,D,67,701,120.228185832637,22.9817820154305
V02,6703400,臺南市,北區,N. District,D,67,704,120.206873519147,23.0101217915486
V02,6703700,臺南市,中西區,Zhongxi District,D,67,700,120.192874040458,22.9959445800045
V02,6401300,高雄市,林園區,Linyuan District,E,64,832,120.399052023307,22.5081374273657
V02,6402600,高雄市,茄萣區,Jiading District,E,64,852,120.198051914769,22.8824139949241
V02,6402700,高雄市,永安區,Yongan District,E,64,828,120.228051044198,22.8222458485137
V02,6402800,高雄市,彌陀區,Mituo District,E,64,827,120.239457106875,22.7794452802184
V02,6402900,高雄市,梓官區,Ziguan District,E,64,826,120.25939886626,22.7482089998094
V02,6501000,新北市,淡水區,Danshui District,F,65,251,121.463903972722,25.1890763551977
V02,6501200,新北市,瑞芳區,Ruifang District,F,65,224,121.823201831477,25.0981293015765
V02,6501700,新北市,林口區,Linkou District,F,65,244,121.352723465966,25.1000867976974
V02,6502100,新北市,三芝區,Sanzhi District,F,65,252,121.515558034279,25.2315989107011
V02,6502200,新北市,石門區,Shimen District,F,65,253,121.569276069795,25.2651807948608
V02,6502300,新北市,八里區,Bali District,F,65,249,121.413835888478,25.1381276294898
V02,6502600,新北市,貢寮區,Gongliao District,F,65,228,121.918246603882,25.0248564111362
V02,6502700,新北市,金山區,Jinshan District,F,65,208,121.605263880264,25.2171459417189
V02,6502800,新北市,萬里區,Wanli District,F,65,207,121.643930689874,25.1757245657826
V02,6601100,臺中市,大甲區,Dajia District,B,66,437,120.635790079388,24.3782716100558
V02,6601200,臺中市,清水區,Qingshui District,B,66,436,120.580909375895,24.2920574312824
V02,6602200,臺中市,大安區,Daan District,B,66,439,120.591440730399,24.3650955543506
V02,6602500,臺中市,龍井區,Longjing District,B,66,434,120.528372834084,24.200628921148
V02,6701500,臺南市,七股區,Qigu District,D,67,724,120.100585435516,23.1232657776071
V02,6701600,臺南市,將軍區,Jiangjun District,D,67,725,120.127695770615,23.2083441344695
V02,6701700,臺南市,北門區,Beimen District,D,67,727,120.126235715049,23.2777707960042
V02,6703300,臺南市,南區,Nan District,D,67,702,120.190374322995,22.9556186296054
V02,6703500,臺南市,安南區,Annan District,D,67,709,120.152618883881,23.0486968107293
V02,6703600,臺南市,安平區,Anping District,D,67,708,120.164994873891,22.9900843738317
V02,6601400,臺中市,梧棲區,Wuqi District,B,66,435,120.530125927052,24.2455243140682
V02,6800100,桃園市,桃園區,Taoyuan District,H,68,330,121.29966124268,25.0004002432785
V02,6800200,桃園市,中壢區,Zhongli District,H,68,320,121.214724251394,24.9799380254332
V02,6800300,桃園市,大溪區,Daxi District,H,68,335,121.296341978583,24.8679702583614
V02,6800400,桃園市,楊梅區,Yangmei District,H,68,326,121.129169654279,24.9182098919976
V02,6800500,桃園市,蘆竹區,Luzhu District,H,68,338,121.283126636455,25.0607333655796
V02,6800700,桃園市,龜山區,Guishan District,H,68,333,121.356926520867,25.024174719917
V02,6800800,桃園市,八德區,Bade District,H,68,334,121.291310222779,24.9496890297523
V02,6800900,桃園市,龍潭區,Longtan District,H,68,325,121.21178767773,24.8506495392883
V02,6801000,桃園市,平鎮區,Pingzhen District,H,68,324,121.214005149922,24.9211792310181
V02,6801300,桃園市,復興區,Fuxing District,H,68,336,121.375458786848,24.7294988390616
V02,6800600,桃園市,大園區,Dayuan District,H,68,337,121.211770038215,25.0638470877011
V02,6801100,桃園市,新屋區,Xinwu District,H,68,327,121.06775802466,24.9728035226955
V02,6801200,桃園市,觀音區,Guanyin District,H,68,328,121.115502059509,25.0267161091756
V02,1000505,苗栗縣,頭份市,Toufen City,K,10005,351,120.918943673892,24.6762824332874
V02,0902005,金門縣,烈嶼鄉,Lieyu Township,W,09020,894,118.22789,24.40166
